时间,错误测例,round,halfword_count,write_base_addr,write_data,read_base_addr,read_data,frame_op,target_frame,recovery_pass,test_type,errcode
15:44:21,测例case08_frame_error_detection_test错误,,,,,,,,,,,
,,0,0,0,,0,,0,60,3,1,82
,,2,32,66,	00000000000000000000000000000000000000000000000000000000000000000000000000000000000000000000000000000000000000000000000000000000,66,	11111111111111111111111111111111111111111111111111111111111111111111111111111111111111111111111111111111111111111111111111111111,0,20,3,1,82
,,2,2,6,	FFFFFFFF,6,11111111,0,5,3,1,82
,,2,25,59,	7CC7759D81D98C4A97AFFD61B017BB3BC3BDE26A78F5C7D03544235BE991A9CD7F5F8D757B5F2F41FBB885D54438D00795FE,59,	1111111111111111111111111111111111111111111111111111111111111111111111111111111111111111111111111111,0,14,3,1,82
,,2,4,AB,	FFFFFFFFFFFFFFFF,AB,	1111111111111111,0,7,3,1,82
,,2,14,BF,	3FFA47C97E18D3577B05436724FD098947941CEA4C5337BDC6FF2644,BF,	11111111111111111111111111111111111111111111111111111111,0,5,3,1,82
,,2,1,BA,FFFF,BA,1111,0,2,3,1,82
,,3,14,7F,	00000000000000000000000000000000000000000000000000000000,7F,	11111111111111111111111111111111111111111111111111111111,0,29,3,1,82
,,4,14,10,	FFFFFFFFFFFFFFFFFFFFFFFFFFFFFFFFFFFFFFFFFFFFFFFFFFFFFFFF,10,	11111111111111111111111111111111111111111111111111111111,0,20,3,1,82
,,4,4,C0,	6501C563C313CC6F,C0,	1111111111111111,0,5,3,1,82
,,4,26,2C,	FFFFFFFFFFFFFFFFFFFFFFFFFFFFFFFFFFFFFFFFFFFFFFFFFFFFFFFFFFFFFFFFFFFFFFFFFFFFFFFFFFFFFFFFFFFFFFFFFFFFFFFF,2C,	11111111111111111111111111111111111111111111111111111111111111111111111111111111111111111111111111111111,0,10,3,1,82
,,4,8,D8,	00000000000000000000000000000000,D8,	11111111111111111111111111111111,0,8,3,1,82
,,5,14,21,	FFFFFFFFFFFFFFFFFFFFFFFFFFFFFFFFFFFFFFFFFFFFFFFFFFFFFFFF,21,	11111111111111111111111111111111111111111111111111111111,0,11,3,1,82
,,5,15,42,	000000000000000000000000000000000000000000000000000000000000,42,	111111111111111111111111111111111111111111111111111111111111,0,21,3,1,82
,,5,16,C5,	0000000000000000000000000000000000000000000000000000000000000000,C5,	1111111111111111111111111111111111111111111111111111111111111111,0,24,3,1,82
,,5,32,48,	00000000000000000000000000000000000000000000000000000000000000000000000000000000000000000000000000000000000000000000000000000000,48,	11111111111111111111111111111111111111111111111111111111111111111111111111111111111111111111111111111111111111111111111111111111,0,55,3,1,82
,,6,13,1A,	0FDB4851EC40A8641258EC4E76BE9214D4DF8BB7DCA27786349D,1A,	1111111111111111111111111111111111111111111111111111,0,16,3,1,82
,,6,4,15,	0000000000000000,15,	1111111111111111,0,8,3,1,82
,,6,16,48,	FFFFFFFFFFFFFFFFFFFFFFFFFFFFFFFFFFFFFFFFFFFFFFFFFFFFFFFFFFFFFFFF,48,	1111111111111111111111111111111111111111111111111111111111111111,0,23,3,1,82
,,7,27,43,	FFFFFFFFFFFFFFFFFFFFFFFFFFFFFFFFFFFFFFFFFFFFFFFFFFFFFFFFFFFFFFFFFFFFFFFFFFFFFFFFFFFFFFFFFFFFFFFFFFFFFFFFFFFF,43,	111111111111111111111111111111111111111111111111111111111111111111111111111111111111111111111111111111111111,0,49,3,1,82
,,7,16,50,	BC9006BFF114DF555B5B59B369EAB016AB4E6F86F353066EF12835E546197F3D,50,	1111111111111111111111111111111111111111111111111111111111111111,0,0,3,1,82
,,7,15,F1,	0002E9DCFAF55133AF7F17E7A192C075E25CF841CEB55F2A8671BD1388E6,F1,	111111111111111111111111111111111111111111111111111111111111,0,12,3,1,82
,,7,21,29,	FFFFFFFFFFFFFFFFFFFFFFFFFFFFFFFFFFFFFFFFFFFFFFFFFFFFFFFFFFFFFFFFFFFFFFFFFFFFFFFFFFFF,29,	111111111111111111111111111111111111111111111111111111111111111111111111111111111111,0,34,3,1,82
,,7,6,D3,	000000000000000000000000,D3,	111111111111111111111111,0,15,3,1,82
,,8,24,56,	000000000000000000000000000000000000000000000000000000000000000000000000000000000000000000000000,56,	111111111111111111111111111111111111111111111111111111111111111111111111111111111111111111111111,0,0,3,1,82
,,8,26,70,	FFFFFFFFFFFFFFFFFFFFFFFFFFFFFFFFFFFFFFFFFFFFFFFFFFFFFFFFFFFFFFFFFFFFFFFFFFFFFFFFFFFFFFFFFFFFFFFFFFFFFFFF,70,	11111111111111111111111111111111111111111111111111111111111111111111111111111111111111111111111111111111,0,1,3,1,82
,,8,6,A5,	C5042A2F59D35A7B70E7D68E,A5,	111111111111111111111111,0,3,3,1,82
,,8,17,6F,	00000000000000000000000000000000000000000000000000000000000000000000,6F,	11111111111111111111111111111111111111111111111111111111111111111111,0,6,3,1,82
,,9,20,F6,	A815DB0B9DC218B6CAFD1B652C298A7AAADDAE4ECBBED46ED6AA0FB635B6186249E94DAF2B041937,F6,	11111111111111111111111111111111111111111111111111111111111111111111111111111111,0,10,3,1,82
,,9,15,7F,	FFFFFFFFFFFFFFFFFFFFFFFFFFFFFFFFFFFFFFFFFFFFFFFFFFFFFFFFFFFF,7F,	111111111111111111111111111111111111111111111111111111111111,0,4,3,1,82
,,9,31,F9,	0000000000000000000000000000000000000000000000000000000000000000000000000000000000000000000000000000000000000000000000000000,F9,	1111111111111111111111111111111111111111111111111111111111111111111111111111111111111111111111111111111111111111111111111111,0,11,3,1,82
,,9,14,4F,	FFFFFFFFFFFFFFFFFFFFFFFFFFFFFFFFFFFFFFFFFFFFFFFFFFFFFFFF,4F,	11111111111111111111111111111111111111111111111111111111,0,0,3,1,82
,,9,15,4A,	991DC9B42F8E5DFAF816B17B76A7389CCAFCA094CC6D17470176DE1B3418,4A,	111111111111111111111111111111111111111111111111111111111111,0,23,3,1,82
,,10,27,	EF,	DD4C3A7342D9E4BC3B5A7EDE84CF3041E00D9197CEEE42356C39D14EB0C92F607D786980B8C5120F3AF1562E3C455FB30E674212CF24,	EF,	111111111111111111111111111111111111111111111111111111111111111111111111111111111111111111111111111111111111,0,34,3,1,82
,,10,1,35,	0000,35,1111,1,4,3,1,82
,,10,17,6C,	00000000000000000000000000000000000000000000000000000000000000000000,6C,	11111111111111111111111111111111111111111111111111111111111111111111,0,30,3,1,82
,,11,20,66,	00000000000000000000000000000000000000000000000000000000000000000000000000000000,66,	11111111111111111111111111111111111111111111111111111111111111111111111111111111,0,17,3,1,82
,,11,18,CF,	1401A42E76D7B69F7CCF00B181C1A74700DD2BFA76ACDC820EC86E5553AE49E683C4E237,CF,	111111111111111111111111111111111111111111111111111111111111111111111111,0,25,3,1,82
,,11,10,14,	F51BF394667D95A800D587061F3316A8F0532C82,14,	1111111111111111111111111111111111111111,0,18,3,1,82
,,12,15,	E7,	FFFFFFFFFFFFFFFFFFFFFFFFFFFFFFFFFFFFFFFFFFFFFFFFFFFFFFFFFFFF,	E7,	111111111111111111111111111111111111111111111111111111111111,0,6,3,1,82


时间,错误测例,round,halfword_count,write_base_addr,write_data,read_base_addr,read_data,frame_op,target_frame,recovery_pass,test_type,errcode
15:46:35,测例case07_crc_error_detection_test错误,,,,,,,,,,,
,,1,32,14,	00000000000000000000000000000000000000000000000000000000000000000000000000000000000000000000000000000000000000000000000000000000,14,	22222222222222222222222222222222222222222222222222222222222222222222222222222222222222222222222222222222222222222222222222222222,0,0,3,1,42
,,1,16,21,	FFFFFFFFFFFFFFFFFFFFFFFFFFFFFFFFFFFFFFFFFFFFFFFFFFFFFFFFFFFFFFFF,21,	2222222222222222222222222222222222222222222222222222222222222222,0,0,3,1,42
,,1,5,4C,	00000000000000000000,4C,	22222222222222222222,0,0,3,1,42
,,1,23,51,	521102880FA0DB41ECB7D316BEB38DF27E40163B9492D5C1E2C6A120F11860C67DA835DCDF5F21FFBF8B799954F1,51,	22222222222222222222222222222222222222222222222222222222222222222222222222222222222222222222,0,0,3,1,42
,,1,23,4C,	FFFFFFFFFFFFFFFFFFFFFFFFFFFFFFFFFFFFFFFFFFFFFFFFFFFFFFFFFFFFFFFFFFFFFFFFFFFFFFFFFFFFFFFFFFFF,4C,	22222222222222222222222222222222222222222222222222222222222222222222222222222222222222222222,0,0,3,1,42
,,2,11,3D,	00000000000000000000000000000000000000000000,3D,	22222222222222222222222222222222222222222222,0,0,3,1,42
,,2,17,C3,	FFFFFFFFFFFFFFFFFFFFFFFFFFFFFFFFFFFFFFFFFFFFFFFFFFFFFFFFFFFFFFFFFFFF,C3,	22222222222222222222222222222222222222222222222222222222222222222222,0,0,3,1,42
,,2,28,	BE,	0000000000000000000000000000000000000000000000000000000000000000000000000000000000000000000000000000000000000000,	BE,	2222222222222222222222222222222222222222222222222222222222222222222222222222222222222222222222222222222222222222,0,0,3,1,42
,,2,14,CC,	BE3BF11C491049F61E48F880E841B7FB75765D4938782595A3DC7B93,CC,	22222222222222222222222222222222222222222222222222222222,0,0,3,1,42
,,3,31,33,	0000000000000000000000000000000000000000000000000000000000000000000000000000000000000000000000000000000000000000000000000000,33,	2222222222222222222222222222222222222222222222222222222222222222222222222222222222222222222222222222222222222222222222222222,0,0,3,1,42
,,3,12,6,	6DE8CA2A3CBDDD24CB29AAA289CB83B8BA327B9D2F6F258B,6,	222222222222222222222222222222222222222222222222,0,0,3,1,42
,,4,2,F4,	FFFFFFFF,F4,22222222,0,0,3,1,42
,,4,27,7,	FFFFFFFFFFFFFFFFFFFFFFFFFFFFFFFFFFFFFFFFFFFFFFFFFFFFFFFFFFFFFFFFFFFFFFFFFFFFFFFFFFFFFFFFFFFFFFFFFFFFFFFFFFFF,7,	222222222222222222222222222222222222222222222222222222222222222222222222222222222222222222222222222222222222,0,0,3,1,42
,,4,12,68,	FFFFFFFFFFFFFFFFFFFFFFFFFFFFFFFFFFFFFFFFFFFFFFFF,68,	222222222222222222222222222222222222222222222222,0,0,3,1,42
,,4,23,2F,	FFFFFFFFFFFFFFFFFFFFFFFFFFFFFFFFFFFFFFFFFFFFFFFFFFFFFFFFFFFFFFFFFFFFFFFFFFFFFFFFFFFFFFFFFFFF,2F,	22222222222222222222222222222222222222222222222222222222222222222222222222222222222222222222,0,0,3,1,42
,,5,27,11,	FFFFFFFFFFFFFFFFFFFFFFFFFFFFFFFFFFFFFFFFFFFFFFFFFFFFFFFFFFFFFFFFFFFFFFFFFFFFFFFFFFFFFFFFFFFFFFFFFFFFFFFFFFFF,11,	222222222222222222222222222222222222222222222222222222222222222222222222222222222222222222222222222222222222,0,0,3,1,42
,,6,14,80,	00000000000000000000000000000000000000000000000000000000,80,	22222222222222222222222222222222222222222222222222222222,0,0,3,1,42
,,6,25,BF,	FFFFFFFFFFFFFFFFFFFFFFFFFFFFFFFFFFFFFFFFFFFFFFFFFFFFFFFFFFFFFFFFFFFFFFFFFFFFFFFFFFFFFFFFFFFFFFFFFFFF,BF,	2222222222222222222222222222222222222222222222222222222222222222222222222222222222222222222222222222,0,0,3,1,42
,,6,19,A5,	15DAF8A82F4C4D27325FF8CF76BFD12D1E291F7779384A1E438C85B1F9AD11B7BAE3B354C499,A5,	2222222222222222222222222222222222222222222222222222222222222222222222222222,0,0,3,1,42
,,6,10,75,	0000000000000000000000000000000000000000,75,	2222222222222222222222222222222222222222,0,0,3,1,42
,,6,8,46,	79E25DDA8650AED405D2777F4A0FE02E,46,	22222222222222222222222222222222,0,0,3,1,42
,,6,22,B4,	FFFFFFFFFFFFFFFFFFFFFFFFFFFFFFFFFFFFFFFFFFFFFFFFFFFFFFFFFFFFFFFFFFFFFFFFFFFFFFFFFFFFFFFF,B4,	2222222222222222222222222222222222222222222222222222222222222222222222222222222222222222,0,0,3,1,42
,,7,24,	BE,	FFFFFFFFFFFFFFFFFFFFFFFFFFFFFFFFFFFFFFFFFFFFFFFFFFFFFFFFFFFFFFFFFFFFFFFFFFFFFFFFFFFFFFFFFFFFFFFF,	BE,	222222222222222222222222222222222222222222222222222222222222222222222222222222222222222222222222,0,0,3,1,42
,,7,23,	9E,	BECF0F129ADBDA776A23106BFF4FE795566CFC08464E97E132D4945957C635D8BFDBCC6C6E94B0D38D7882CF949E,	9E,	22222222222222222222222222222222222222222222222222222222222222222222222222222222222222222222,0,0,3,1,42
,,7,17,B,	7D53F1F41EA857FFE47C39AB2A4522CCCE5CA029387F755FABD1458DC04370035386,B,	22222222222222222222222222222222222222222222222222222222222222222222,0,0,3,1,42
,,7,6,6D,	FFFFFFFFFFFFFFFFFFFFFFFF,6D,	222222222222222222222222,0,0,3,1,42
,,8,28,	EC,	FFFFFFFFFFFFFFFFFFFFFFFFFFFFFFFFFFFFFFFFFFFFFFFFFFFFFFFFFFFFFFFFFFFFFFFFFFFFFFFFFFFFFFFFFFFFFFFFFFFFFFFFFFFFFFFF,	EC,	2222222222222222222222222222222222222222222222222222222222222222222222222222222222222222222222222222222222222222,0,0,3,1,42
,,10,26,80,	00000000000000000000000000000000000000000000000000000000000000000000000000000000000000000000000000000000,80,	22222222222222222222222222222222222222222222222222222222222222222222222222222222222222222222222222222222,0,0,3,1,42
,,11,20,2A,	FFFFFFFFFFFFFFFFFFFFFFFFFFFFFFFFFFFFFFFFFFFFFFFFFFFFFFFFFFFFFFFFFFFFFFFFFFFFFFFF,2A,	22222222222222222222222222222222222222222222222222222222222222222222222222222222,0,0,3,1,42
,,12,27,97,	8E32286BA1D1C6D8F95B4FDC06041592AD105E8C9D6AA7FA1F5FB26C138BD36ABD552CF2B8FCCD374894C2296E3C09174D91780D6616,97,	222222222222222222222222222222222222222222222222222222222222222222222222222222222222222222222222222222222222,0,0,3,1,42
,,12,26,AC,	00000000000000000000000000000000000000000000000000000000000000000000000000000000000000000000000000000000,AC,	22222222222222222222222222222222222222222222222222222222222222222222222222222222222222222222222222222222,0,0,3,1,42
,,12,21,95,	7D7CA61C5570E0069BC592D94BF920B876E08270AFE604E3561072DF4DB689EE6B2DB79AC004EBBD2B00,95,	222222222222222222222222222222222222222222222222222222222222222222222222222222222222,0,0,3,1,42
,,12,31,3D,	50C649D0CF51344B9D09F8FB72AE8C800AED1EBE782513A3E7479CCE8FA417F23ACD73D4994ED45CF4CEF25BCF2C89B3DB8A56B34F5489461DCAAB3D92F2,3D,	2222222222222222222222222222222222222222222222222222222222222222222222222222222222222222222222222222222222222222222222222222,0,0,3,1,42
,,13,31,D9,	0000000000000000000000000000000000000000000000000000000000000000000000000000000000000000000000000000000000000000000000000000,D9,	2222222222222222222222222222222222222222222222222222222222222222222222222222222222222222222222222222222222222222222222222222,0,0,3,1,42
,,13,28,9A,	88D53A4D80B02425CC1C9F7A648B9B16BC622C5C8CDD45F5056894ABB0AB74A1BD322D4CAF03F3CD7341876E2C356B2CF73AE08EBF5EAA78,9A,	2222222222222222222222222222222222222222222222222222222222222222222222222222222222222222222222222222222222222222,0,0,3,1,42
,,14,27,	3E,	FFFFFFFFFFFFFFFFFFFFFFFFFFFFFFFFFFFFFFFFFFFFFFFFFFFFFFFFFFFFFFFFFFFFFFFFFFFFFFFFFFFFFFFFFFFFFFFFFFFFFFFFFFFF,	3E,	222222222222222222222222222222222222222222222222222222222222222222222222222222222222222222222222222222222222,0,0,3,1,42
,,14,11,8,	FFFFFFFFFFFFFFFFFFFFFFFFFFFFFFFFFFFFFFFFFFFF,8,	22222222222222222222222222222222222222222222,0,0,3,1,42
,,15,20,78,	00000000000000000000000000000000000000000000000000000000000000000000000000000000,78,	22222222222222222222222222222222222222222222222222222222222222222222222222222222,0,0,3,1,42
,,15,25,47,	FFFFFFFFFFFFFFFFFFFFFFFFFFFFFFFFFFFFFFFFFFFFFFFFFFFFFFFFFFFFFFFFFFFFFFFFFFFFFFFFFFFFFFFFFFFFFFFFFFFF,47,	2222222222222222222222222222222222222222222222222222222222222222222222222222222222222222222222222222,0,0,3,1,42
,,16,30,57,	B716202F4B0824B1FBDD28B5CA3939C425826FACEA7DE6D68BF18D94A3A3797D63BD37D1F703FC3501DFF7E7E5CA5483E03E0FA7DDCB184C1B5F4029,57,	222222222222222222222222222222222222222222222222222222222222222222222222222222222222222222222222222222222222222222222222,0,0,3,1,42


时间,错误测例,round,halfword_count,write_base_addr,write_data,read_base_addr,read_data,frame_op,target_frame,recovery_pass,test_type,errcode
15:50:13,测例sclk_test错误,,,,,,,,,,,
,,1,12,19,	8BEA8BEA8BEA8BEA8BEA8BEA8BEA8BEA8BEA8BEA8BEA8BEA,0,	000000000000000000000000000000000000000000000000,0,0,3,1,1
,,1,11,59,	A2ECA2ECA2ECA2ECA2ECA2ECA2ECA2ECA2ECA2ECA2EC,59,	22222222222222222222222222222222222222222222,0,0,3,1,1
,,1,14,19,	889F889F889F889F889F889F889F889F889F889F889F889F889F889F,19,	22222222222222222222222222222222222222222222222222222222,0,0,3,1,1
,,1,13,30,	062D062D062D062D062D062D062D062D062D062D062D062D062D,30,	2222222222222222222222222222222222222222222222222222,0,0,3,1,1
,,2,18,CF,	F149F149F149F149F149F149F149F149F149F149F149F149F149F149F149F149F149F149,CF,	222222222222222222222222222222222222222222222222222222222222222222222222,0,0,3,1,1
,,2,12,59,	FBF7FBF7FBF7FBF7FBF7FBF7FBF7FBF7FBF7FBF7FBF7FBF7,59,	222222222222222222222222222222222222222222222222,0,0,3,1,1
,,2,13,9B,	4C9C4C9C4C9C4C9C4C9C4C9C4C9C4C9C4C9C4C9C4C9C4C9C4C9C,9B,	2222222222222222222222222222222222222222222222222222,0,0,3,1,1
,,2,25,59,	82AC82AC82AC82AC82AC82AC82AC82AC82AC82AC82AC82AC82AC82AC82AC82AC82AC82AC82AC82AC82AC82AC82AC82AC82AC,59,	2222222222222222222222222222222222222222222222222222222222222222222222222222222222222222222222222222,0,0,3,1,1
,,2,22,84,	83AB83AB83AB83AB83AB83AB83AB83AB83AB83AB83AB83AB83AB83AB83AB83AB83AB83AB83AB83AB83AB83AB,84,	2222222222222222222222222222222222222222222222222222222222222222222222222222222222222222,0,0,3,1,1
,,2,13,43,	8B048B048B048B048B048B048B048B048B048B048B048B048B04,43,	2222222222222222222222222222222222222222222222222222,0,0,3,1,1
,,3,31,9A,	242D242D242D242D242D242D242D242D242D242D242D242D242D242D242D242D242D242D242D242D242D242D242D242D242D242D242D242D242D242D242D,0,	0000000000000000000000000000000000000000000000000000000000000000000000000000000000000000000000000000000000000000000000000000,0,0,3,1,1
,,3,6,B9,	96B196B196B196B196B196B1,B9,	111111111111111111111111,0,0,3,1,1
,,3,19,B3,	96E696E696E696E696E696E696E696E696E696E696E696E696E696E696E696E696E696E696E6,B3,	2222222222222222222222222222222222222222222222222222222222222222222222222222,0,0,3,1,1
,,3,20,C0,	DBADDBADDBADDBADDBADDBADDBADDBADDBADDBADDBADDBADDBADDBADDBADDBADDBADDBADDBADDBAD,0,	00000000000000000000000000000000000000000000000000000000000000000000000000000000,0,0,3,1,1
,,4,32,54,	CC44CC44CC44CC44CC44CC44CC44CC44CC44CC44CC44CC44CC44CC44CC44CC44CC44CC44CC44CC44CC44CC44CC44CC44CC44CC44CC44CC44CC44CC44CC44CC44,54,	22222222222222222222222222222222222222222222222222222222222222222222222222222222222222222222222222222222222222222222222222222222,0,0,3,1,1
,,4,14,18,	DB3CDB3CDB3CDB3CDB3CDB3CDB3CDB3CDB3CDB3CDB3CDB3CDB3CDB3C,0,	00000000000000000000000000000000000000000000000000000000,0,0,3,1,1
,,4,13,60,	E99BE99BE99BE99BE99BE99BE99BE99BE99BE99BE99BE99BE99B,60,	2222222222222222222222222222222222222222222222222222,0,0,3,1,1
,,4,27,7A,	CA59CA59CA59CA59CA59CA59CA59CA59CA59CA59CA59CA59CA59CA59CA59CA59CA59CA59CA59CA59CA59CA59CA59CA59CA59CA59CA59,7A,	222222222222222222222222222222222222222222222222222222222222222222222222222222222222222222222222222222222222,0,0,3,1,1
,,5,15,3A,	14C014C014C014C014C014C014C014C014C014C014C014C014C014C014C0,0,	000000000000000000000000000000000000000000000000000000000000,0,0,3,1,1
,,5,25,6A,	B310B310B310B310B310B310B310B310B310B310B310B310B310B310B310B310B310B310B310B310B310B310B310B310B310,6A,	2222222222222222222222222222222222222222222222222222222222222222222222222222222222222222222222222222,0,0,3,1,1
,,5,19,	BE,	AA34AA34AA34AA34AA34AA34AA34AA34AA34AA34AA34AA34AA34AA34AA34AA34AA34AA34AA34,	BE,	2222222222222222222222222222222222222222222222222222222222222222222222222222,0,0,3,1,1
,,5,12,F5,	B1CBB1CBB1CBB1CBB1CBB1CBB1CBB1CBB1CBB1CBB1CBB1CB,0,	000000000000000000000000000000000000000000000000,0,0,3,1,1
,,5,11,D,	9F139F139F139F139F139F139F139F139F139F139F13,0,	00000000000000000000000000000000000000000000,0,0,3,1,1
,,5,32,AC,	2AE52AE52AE52AE52AE52AE52AE52AE52AE52AE52AE52AE52AE52AE52AE52AE52AE52AE52AE52AE52AE52AE52AE52AE52AE52AE52AE52AE52AE52AE52AE52AE5,AC,	22222222222222222222222222222222222222222222222222222222222222222222222222222222222222222222222222222222222222222222222222222222,0,0,3,1,1
,,6,32,42,	34BD34BD34BD34BD34BD34BD34BD34BD34BD34BD34BD34BD34BD34BD34BD34BD34BD34BD34BD34BD34BD34BD34BD34BD34BD34BD34BD34BD34BD34BD34BD34BD,42,	22222222222222222222222222222222222222222222222222222222222222222222222222222222222222222222222222222222222222222222222222222222,0,0,3,1,1
,,6,32,3A,	7E0C7E0C7E0C7E0C7E0C7E0C7E0C7E0C7E0C7E0C7E0C7E0C7E0C7E0C7E0C7E0C7E0C7E0C7E0C7E0C7E0C7E0C7E0C7E0C7E0C7E0C7E0C7E0C7E0C7E0C7E0C7E0C,3A,	22222222222222222222222222222222222222222222222222222222222222222222222222222222222222222222222222222222222222222222222222222222,0,0,3,1,1
,,6,9,85,	15CD15CD15CD15CD15CD15CD15CD15CD15CD,0,	000000000000000000000000000000000000,0,0,3,1,1
,,7,13,CB,	9BA49BA49BA49BA49BA49BA49BA49BA49BA49BA49BA49BA49BA4,CB,	1111111111111111111111111111111111111111111111111111,0,0,3,1,1
,,7,29,A3,	96E996E996E996E996E996E996E996E996E996E996E996E996E996E996E996E996E996E996E996E996E996E996E996E996E996E996E996E996E9,A3,	22222222222222222222222222222222222222222222222222222222222222222222222222222222222222222222222222222222222222222222,0,0,3,1,1
,,7,22,2F,	EE34EE34EE34EE34EE34EE34EE34EE34EE34EE34EE34EE34EE34EE34EE34EE34EE34EE34EE34EE34EE34EE34,2F,	2222222222222222222222222222222222222222222222222222222222222222222222222222222222222222,0,0,3,1,1
,,7,3,10,	FDA9FDA9FDA9,10,	222222222222,0,0,3,1,1
,,7,23,FF,	3E853E853E853E853E853E853E853E853E853E853E853E853E853E853E853E853E853E853E853E853E853E853E85,FF,	22222222222222222222222222222222222222222222222222222222222222222222222222222222222222222222,0,0,3,1,1
,,8,27,6C,	AB2AAB2AAB2AAB2AAB2AAB2AAB2AAB2AAB2AAB2AAB2AAB2AAB2AAB2AAB2AAB2AAB2AAB2AAB2AAB2AAB2AAB2AAB2AAB2AAB2AAB2AAB2A,0,	000000000000000000000000000000000000000000000000000000000000000000000000000000000000000000000000000000000000,0,0,3,1,1
,,9,9,A7,	917291729172917291729172917291729172,A7,	222222222222222222222222222222222222,0,0,3,1,1
,,9,11,	EA,	43584358435843584358435843584358435843584358,	EA,	11111111111111111111111111111111111111111111,0,0,3,1,1
,,9,25,13,	02A202A202A202A202A202A202A202A202A202A202A202A202A202A202A202A202A202A202A202A202A202A202A202A202A2,13,	2222222222222222222222222222222222222222222222222222222222222222222222222222222222222222222222222222,0,0,3,1,1
,,10,21,9,	95A995A995A995A995A995A995A995A995A995A995A995A995A995A995A995A995A995A995A995A995A9,9,	222222222222222222222222222222222222222222222222222222222222222222222222222222222222,0,0,3,1,1
,,10,8,58,	B804B804B804B804B804B804B804B804,0,	00000000000000000000000000000000,0,0,3,1,1
,,11,15,25,	EDB2EDB2EDB2EDB2EDB2EDB2EDB2EDB2EDB2EDB2EDB2EDB2EDB2EDB2EDB2,25,	111111111111111111111111111111111111111111111111111111111111,0,0,3,1,1
,,11,10,B1,	846C846C846C846C846C846C846C846C846C846C,B1,	2222222222222222222222222222222222222222,0,0,3,1,1


时间,错误测例,round,halfword_count,write_base_addr,write_data,read_base_addr,read_data,frame_op,target_frame,recovery_pass,test_type,errcode
16:02:37,测例case07_crc_error_detection_test错误,,,,,,,,,,,
,,2,10,10,	11897AD1CDBE5B0051D687962D131F98DE5F45FC,10,	1111111111111111111111111111111111111111,0,0,3,1,42
,,2,15,88,	000000000000000000000000000000000000000000000000000000000000,88,	111111111111111111111111111111111111111111111111111111111111,0,0,3,1,42
,,2,6,10,	FFFFFFFFFFFFFFFFFFFFFFFF,10,	111111111111111111111111,0,0,3,1,42
,,3,6,99,	000000000000000000000000,99,	111111111111111111111111,0,0,3,1,42
,,3,4,6D,	FFFFFFFFFFFFFFFF,6D,	1111111111111111,0,0,3,1,42
,,3,5,69,	EA9E942976A4164BD3D0,69,	11111111111111111111,0,0,3,1,42
,,4,1,AF,	0000,AF,1111,0,0,3,1,42
,,4,17,7D,	00000000000000000000000000000000000000000000000000000000000000000000,7D,	11111111111111111111111111111111111111111111111111111111111111111111,0,0,3,1,42
,,4,25,B,	FFFFFFFFFFFFFFFFFFFFFFFFFFFFFFFFFFFFFFFFFFFFFFFFFFFFFFFFFFFFFFFFFFFFFFFFFFFFFFFFFFFFFFFFFFFFFFFFFFFF,B,	1111111111111111111111111111111111111111111111111111111111111111111111111111111111111111111111111111,0,0,3,1,42
,,7,30,	E2,	000000000000000000000000000000000000000000000000000000000000000000000000000000000000000000000000000000000000000000000000,	E2,	111111111111111111111111111111111111111111111111111111111111111111111111111111111111111111111111111111111111111111111111,0,0,3,1,42
,,8,4,DD,	FFFFFFFFFFFFFFFF,DD,	1111111111111111,0,0,3,1,42
,,8,6,5F,	000000000000000000000000,5F,	111111111111111111111111,0,0,3,1,42
,,9,6,56,	0FC027060F599D81919CCA70,56,	111111111111111111111111,0,0,3,1,42
,,10,1,2D,	11E5,2D,1111,0,0,3,1,42


时间,错误测例,round,halfword_count,write_base_addr,write_data,read_base_addr,read_data,frame_op,target_frame,recovery_pass,test_type,errcode
16:03:34,测例case07_crc_error_detection_test错误,,,,,,,,,,,
,,1,22,85,	FFFFFFFFFFFFFFFFFFFFFFFFFFFFFFFFFFFFFFFFFFFFFFFFFFFFFFFFFFFFFFFFFFFFFFFFFFFFFFFFFFFFFFFF,85,	1111111111111111111111111111111111111111111111111111111111111111111111111111111111111111,0,0,3,1,42
,,2,26,86,	FECDCD0C3E3441F48E81F95FEF3BBFC1E1F8DA2D1485A5B87896A060878983FC9CD79E6B1294DCA52DD0F81AF4118E5C341748AD,86,	11111111111111111111111111111111111111111111111111111111111111111111111111111111111111111111111111111111,0,0,3,1,42
,,4,3,D,	93B321964708,D,	111111111111,0,0,3,1,42
,,4,12,B7,	19147EDCCA5F5CDD38FA394211AA11A6B85EEAAA7954B1B2,B7,	111111111111111111111111111111111111111111111111,0,0,3,1,42
,,5,2,A8,	00000000,A8,11111111,0,0,3,1,42
,,5,3,	6E,	F666716F5D4F,	6E,	111111111111,0,0,3,1,42
,,5,8,C9,	F5ADA8D6F6B21B09274C2A47D9CF106E,C9,	11111111111111111111111111111111,0,0,3,1,42
,,6,3,3D,	AF63F1933CE9,3D,	111111111111,0,0,3,1,42
,,6,27,D5,	000000000000000000000000000000000000000000000000000000000000000000000000000000000000000000000000000000000000,D5,	111111111111111111111111111111111111111111111111111111111111111111111111111111111111111111111111111111111111,0,0,3,1,42
,,7,27,C8,	FFFFFFFFFFFFFFFFFFFFFFFFFFFFFFFFFFFFFFFFFFFFFFFFFFFFFFFFFFFFFFFFFFFFFFFFFFFFFFFFFFFFFFFFFFFFFFFFFFFFFFFFFFFF,C8,	111111111111111111111111111111111111111111111111111111111111111111111111111111111111111111111111111111111111,0,0,3,1,42
,,9,2,DC,	00000000,DC,11111111,0,0,3,1,42
,,10,31,80,	FFFFFFFFFFFFFFFFFFFFFFFFFFFFFFFFFFFFFFFFFFFFFFFFFFFFFFFFFFFFFFFFFFFFFFFFFFFFFFFFFFFFFFFFFFFFFFFFFFFFFFFFFFFFFFFFFFFFFFFFFFFF,80,	1111111111111111111111111111111111111111111111111111111111111111111111111111111111111111111111111111111111111111111111111111,0,0,3,1,42
,,10,14,36,	00000000000000000000000000000000000000000000000000000000,36,	11111111111111111111111111111111111111111111111111111111,0,0,3,1,42


时间,错误测例,round,halfword_count,write_base_addr,write_data,read_base_addr,read_data,frame_op,target_frame,recovery_pass,test_type,errcode
16:05:04,测例packet_timeout_test错误,,,,,,,,,,,
,,1,1,	DE,DBF8,	DE,3333,0,0,3,1,211
,,1,1,	4E,27AB,	4E,3333,0,0,3,1,212
,,1,1,A1,D685,A1,3333,0,0,3,1,212
,,1,1,B8,83C7,0,	0000,0,0,3,1,222
,,2,1,	7E,052B,0,	0000,0,0,3,1,222
,,2,1,18,	DE6C,0,	0000,0,0,3,1,221
,,2,1,25,F798,25,3333,0,0,3,1,211
,,2,1,4B,C795,0,	0000,0,0,3,1,222
,,2,1,C8,B736,C8,3333,0,0,3,1,212
,,2,1,45,	F00E,0,	0000,0,0,3,1,222
,,3,1,11,A855,11,3333,0,0,3,1,212
,,3,1,C,	AE4F,C,3333,0,0,3,1,212
,,3,1,F1,2404,0,	0000,0,0,3,1,221
,,3,1,	3E,8454,0,	0000,0,0,3,1,221
,,3,1,D,	A88E,D,3333,0,0,3,1,212
,,3,1,B8,6733,B8,3333,0,0,3,1,212
,,3,1,	2E,5FA5,	2E,3333,0,0,3,1,211
,,4,1,96,	0FE9,0,	0000,0,0,3,1,222
,,4,1,2F,	E0FC,2F,3333,0,0,3,1,211
,,4,1,BC,F5B9,BC,3333,0,0,3,1,211
,,4,1,64,2987,64,3333,0,0,3,1,211
,,4,1,58,	F20E,0,	0000,0,0,3,1,222
,,5,1,62,	AD7E,0,	0000,0,0,3,1,222
,,5,1,1B,670D,0,	0000,0,0,3,1,222
,,5,1,D0,384A,D0,3333,0,0,3,1,212
,,5,1,C9,5A52,0,	0000,0,0,3,1,221
,,5,1,6F,09C4,0,	0000,0,0,3,1,221
,,5,1,47,3142,47,3333,0,0,3,1,211
,,5,1,5,79B9,5,3333,0,0,3,1,211
,,5,1,67,1AC4,67,3333,0,0,3,1,212
,,6,1,7B,CC76,7B,3333,0,0,3,1,211
,,6,1,D6,1226,D6,3333,0,0,3,1,211
,,6,1,DF,	452E,DF,3333,0,0,3,1,212
,,6,1,D6,	E5CD,D6,3333,0,0,3,1,212
,,6,1,29,0BAA,29,3333,0,0,3,1,211
,,6,1,96,776D,0,	0000,0,0,3,1,222
,,7,1,	3E,421A,	3E,3333,0,0,3,1,211
,,7,1,55,D2C3,55,3333,0,0,3,1,211
,,7,1,	3E,672F,	3E,3333,0,0,3,1,212
,,7,1,BB,	A4AE,BB,3333,0,0,3,1,212


